"precipitation","low_temp","high_temp","day","month","year"
2.8387608173076924,-12.042969975490198,-3.7648419117647056,1,"Jan",2016
1.4791874999999999,-15.053791666666669,-7.5404583333333335,2,"Jan",2016
0.4639687499999999,-15.332791666666665,-8.346479166666668,3,"Jan",2016
0,-12.958,-6.356458333333334,4,"Jan",2016
0,-9.953645833333335,-3.9814583333333333,5,"Jan",2016
1.095609375,-7.174708333333334,-1.6664583333333327,6,"Jan",2016
3.1788750000000006,-5.441895833333333,-0.2597916666666666,7,"Jan",2016
5.6112656250000015,-8.547416666666667,-1.0677083333333335,8,"Jan",2016
5.956840909090911,-12.141255208333334,-1.978979166666667,9,"Jan",2016
4.667458806818183,-9.827869791666668,-0.7907083333333333,10,"Jan",2016
5.0806875,-5.8532447916666674,0.79279375,11,"Jan",2016
5.079017045454545,-4.9201250000000005,1.4834208333333334,12,"Jan",2016
3.889862215909091,-6.919213541666667,0.7914395833333334,13,"Jan",2016
2.4787457386363636,-9.373927083333335,-1.5816614583333335,14,"Jan",2016
1.5234545454545456,-10.438880208333334,-3.5998583333333336,15,"Jan",2016
1.8740411931818182,-11.106569791666669,-3.8987416666666665,16,"Jan",2016
2.4303025568181815,-11.417036458333335,-3.3671145833333327,17,"Jan",2016
2.1747230113636364,-11.074928125,-3.0406437499999996,18,"Jan",2016
1.690291193181818,-11.968973958333333,-3.542348958333333,19,"Jan",2016
1.7608678977272727,-14.801366666666667,-5.314603125,20,"Jan",2016
2.0139417613636366,-16.4957875,-6.8119854166666665,21,"Jan",2016
1.8462698863636366,-15.212877083333334,-6.535841666666667,22,"Jan",2016
1.4292826704545454,-13.995486458333334,-5.832250000000001,23,"Jan",2016
1.4748025568181822,-14.197309375,-5.4331958333333334,24,"Jan",2016
1.6247258522727277,-13.985100000000001,-5.027618749999999,25,"Jan",2016
1.7201505681818183,-13.837932291666668,-4.518621875,26,"Jan",2016
2.431137784090909,-13.620694791666669,-3.893670833333333,27,"Jan",2016
3.7595667613636365,-12.830217708333336,-3.359283333333334,28,"Jan",2016
4.109109374999999,-12.367278125000002,-2.638194791666667,29,"Jan",2016
2.648923295454545,-11.938223958333335,-1.9947770833333331,30,"Jan",2016
2.0709460227272727,-10.678265625000002,-2.09184375,31,"Jan",2016
2.5793906250000003,-9.390973958333333,-2.179453125,1,"Feb",2016
1.819125,-8.6875,-1.567208333333333,2,"Feb",2016
1.4608125,-9.325833333333332,-1.2223124999999997,3,"Feb",2016
2.38875,-11.746875,-1.2720833333333332,4,"Feb",2016
3.8311874999999995,-12.936458333333334,-1.5314583333333336,5,"Feb",2016
5.567625,-13.713333333333335,-2.1575000000000006,6,"Feb",2016
4.6465781250000004,-13.975833333333334,-1.6837500000000007,7,"Feb",2016
1.52971875,-10.763541666666669,-0.823,8,"Feb",2016
0.4401647727272728,-8.653030208333334,-1.4008833333333333,9,"Feb",2016
1.4867045454545456,-11.120682291666668,-2.930855208333333,10,"Feb",2016
2.4664261363636366,-13.691272916666668,-3.9126020833333333,11,"Feb",2016
2.2665980113636364,-13.353010416666667,-3.682891666666667,12,"Feb",2016
1.983247159090909,-11.322993750000002,-2.885363541666667,13,"Feb",2016
2.3601434659090907,-9.9562375,-2.251729166666667,14,"Feb",2016
2.9136903409090906,-10.916219791666666,-2.401257291666667,15,"Feb",2016
3.3594928977272724,-12.643672916666667,-2.4887802083333335,16,"Feb",2016
2.689014204545455,-12.547782291666667,-2.1020552083333337,17,"Feb",2016
1.5685568181818184,-10.940258333333333,-1.4318500000000003,18,"Feb",2016
1.5948664772727275,-9.790010416666668,-0.6138104166666668,19,"Feb",2016
1.9356392045454545,-9.04671354166667,-0.40667916666666676,20,"Feb",2016
0,-8.579354166666668,-0.2772239583333334,21,"Feb",2016
0,-9.092302083333333,-0.32794062500000015,22,"Feb",2016
0,-10.135239583333334,-0.94739375,23,"Feb",2016
0,-10.564739583333335,-1.0644052083333335,24,"Feb",2016
0,-10.582968750000003,-0.887176041666667,25,"Feb",2016
0,-11.126470894607845,-1.0333927696078433,26,"Feb",2016
0,-11.689369791666667,-1.275758394607843,27,"Feb",2016
0,-10.551547732843138,-1.0066593137254902,28,"Feb",2016
0,-8.971801960784315,-0.35425931372549024,29,"Feb",2016
0,-8.971801960784315,-0.35425931372549024,1,"Mar",2016
0,-8.969333333333335,0.4407499999999999,2,"Mar",2016
0.6118874999999999,-8.720750000000002,1.60215,3,"Mar",2016
1.782375,-8.411249999999999,2.256083333333333,4,"Mar",2016
1.9936875000000003,-8.094316666666668,3.85215,5,"Mar",2016
2.069025000000001,-5.68865,5.689783333333333,6,"Mar",2016
3.4765500000000005,-2.8302000000000005,5.394383333333333,7,"Mar",2016
3.6198750000000004,-2.9735666666666676,5.337683333333334,8,"Mar",2016
0,-5.3729837009803925,5.098533333333333,9,"Mar",2016
0,-6.507609926470587,3.9274710784313727,10,"Mar",2016
0,-6.37775919117647,3.7079283088235298,11,"Mar",2016
0,-6.8046783088235285,3.2867693014705885,12,"Mar",2016
0,-6.998891544117647,3.264442095588236,13,"Mar",2016
0,-6.184231617647058,4.783284926470588,14,"Mar",2016
0,-5.61121875,5.2456700367647064,15,"Mar",2016
0,-6.164961397058823,4.214171875,16,"Mar",2016
0,-6.384855698529411,4.2720625,17,"Mar",2016
0,-4.943220588235294,5.092068014705882,18,"Mar",2016
0,-3.4912215073529413,4.950814338235293,19,"Mar",2016
0,-3.391300551470588,4.675875919117646,20,"Mar",2016
0,-3.818373161764706,4.705791360294117,21,"Mar",2016
0,-4.044896139705883,4.2301488970588235,22,"Mar",2016
0,-4.5451911764705875,3.8164623161764704,23,"Mar",2016
0,-4.919471507352941,4.080532169117647,24,"Mar",2016
0,-4.745417279411765,4.295761029411764,25,"Mar",2016
0,-4.806953125000001,4.7783878676470595,26,"Mar",2016
0,-4.200641544117647,6.472055147058824,27,"Mar",2016
0,-2.6810661764705883,7.836001838235293,28,"Mar",2016
0,-2.154433823529412,7.720075367647056,29,"Mar",2016
0,-2.061360294117647,8.013744485294115,30,"Mar",2016
0,-0.31573823529411765,11.28427450980392,31,"Mar",2016
0,1.8866906862745099,15.830363970588234,1,"Apr",2016
1.6519124999999997,2.7057666666666664,17.610999999999997,2,"Apr",2016
2.5541249999999995,3.2021333333333333,15.987883333333333,3,"Apr",2016
1.7566499999999996,4.02765,14.444700000000001,4,"Apr",2016
3.9524624999999998,4.131033333333334,14.713216666666668,5,"Apr",2016
9.080925,3.8869499999999997,14.143833333333333,6,"Apr",2016
10.343287499999999,3.761999999999999,13.606066666666667,7,"Apr",2016
8.162175,2.9166666666666665,12.283066666666667,8,"Apr",2016
3.847076470588236,1.3795775122549019,10.04590649509804,9,"Apr",2016
2.2021086397058824,0.1083989583333331,10.125011151960784,10,"Apr",2016
3.824904871323529,-0.001501838235294227,10.821709558823528,11,"Apr",2016
3.3042573529411765,0.4083777573529413,11.062069852941175,12,"Apr",2016
1.5542412683823532,0.5579402573529413,11.951913602941175,13,"Apr",2016
1.1233745404411766,1.0492380514705886,13.24829044117647,14,"Apr",2016
1.407308823529412,1.6863014705882358,13.895520220588235,15,"Apr",2016
1.3930209099264708,1.8248382352941177,13.247806985294117,16,"Apr",2016
1.3733623621323532,1.8862830882352943,12.816878676470587,17,"Apr",2016
1.6144329044117647,2.0673262867647066,14.25238970588235,18,"Apr",2016
2.3853722426470587,2.2947545955882354,15.545744485294115,19,"Apr",2016
2.9271982996323533,2.7043658088235296,15.163374999999998,20,"Apr",2016
2.2638743106617647,3.0076746323529413,13.940058823529412,21,"Apr",2016
2.2905248161764713,2.9119834558823534,12.888238970588235,22,"Apr",2016
3.0146484375000004,2.189290441176471,12.938610294117646,23,"Apr",2016
2.985261948529412,1.6209806985294115,13.275095588235292,24,"Apr",2016
3.181847426470588,2.1292251838235297,13.14318382352941,25,"Apr",2016
3.2771001838235296,2.4316617647058827,13.222874999999998,26,"Apr",2016
2.840558823529412,1.9041636029411766,13.30484375,27,"Apr",2016
2.489440946691176,1.6583400735294118,13.132790441176471,28,"Apr",2016
2.9983338694852946,2.4849816176470587,13.666121323529413,29,"Apr",2016
3.277417693014706,4.578653737745098,15.932501225490196,30,"Apr",2016
2.2847218290441176,7.777024264705882,18.6732199754902,1,"May",2016
3.1292625000000003,10.459299999999999,19.873666666666665,2,"May",2016
4.171125,10.367466666666665,19.689833333333333,3,"May",2016
3.8808000000000002,8.923933333333332,19.676166666666667,4,"May",2016
4.024125,7.423666666666667,19.865166666666667,5,"May",2016
6.1739999999999995,6.051166666666666,18.148833333333336,6,"May",2016
8.967,5.874199999999999,15.307,7,"May",2016
5.4941249999999995,5.0371999999999995,13.182166666666665,8,"May",2016
1.3017741727941174,4.320216911764706,13.78382720588235,9,"May",2016
2.5328248621323524,5.520248161764705,16.630668504901955,10,"May",2016
3.6506125919117642,6.2904044117647056,17.538887867647055,11,"May",2016
3.046264246323529,6.376966911764706,17.13188419117647,12,"May",2016
3.783155790441177,6.814568014705882,17.36184742647059,13,"May",2016
5.666323069852942,7.04325,17.398262867647063,14,"May",2016
5.460212316176471,6.418148897058823,16.768777573529412,15,"May",2016
3.176679457720589,5.612847426470589,15.974246323529414,16,"May",2016
2.09475,5.686332720588236,16.141626838235293,17,"May",2016
2.072051470588235,6.071665441176472,17.283876838235294,18,"May",2016
1.7207309283088235,6.445147058823529,18.51451838235294,19,"May",2016
1.818618336397059,7.222052389705882,19.43522794117647,20,"May",2016
1.9190390625000002,8.075102941176471,19.488520220588235,21,"May",2016
2.8996357996323527,8.551573529411765,18.899880514705885,22,"May",2016
3.9433628216911765,8.480194852941176,19.03420955882353,23,"May",2016
2.9235503216911765,8.113076286764706,19.62217830882353,24,"May",2016
1.4841190257352943,8.362547794117646,19.935101102941175,25,"May",2016
1.2585523897058823,9.160614889705883,20.46565257352941,26,"May",2016
1.9993959099264706,9.461128676470588,20.883382352941176,27,"May",2016
2.68673575367647,9.522881433823528,21.331948529411765,28,"May",2016
2.4772810202205884,9.917038602941174,22.600680147058824,29,"May",2016
2.417900045955882,10.648689338235293,23.39015625,30,"May",2016
2.363484375,10.839436642156862,22.32592769607843,31,"May",2016
2.9317447610294125,10.110268382352942,21.277156862745098,1,"Jun",2016
6.8649000000000004,9.874833333333335,20.486833333333333,2,"Jun",2016
8.156662500000001,9.5268,19.201999999999998,3,"Jun",2016
3.7852500000000004,9.379999999999999,20.019,4,"Jun",2016
3.5978250000000003,10.841183333333332,21.2075,5,"Jun",2016
5.674200000000001,11.580216666666665,19.923000000000002,6,"Jun",2016
3.5868,10.448566666666666,18.6695,7,"Jun",2016
5.7624,9.83885,19.147666666666666,8,"Jun",2016
9.443020588235294,11.126424448529413,20.951131740196075,9,"Jun",2016
5.836832261029412,12.800890563725488,23.079750612745094,10,"Jun",2016
2.186760110294118,13.605975183823528,23.89949448529412,11,"Jun",2016
2.34564981617647,13.585996323529411,23.427702205882355,12,"Jun",2016
3.1173998161764707,13.101343749999998,23.30125919117647,13,"Jun",2016
3.0162697610294122,12.546413602941175,23.82827205882353,14,"Jun",2016
2.564123161764706,12.164443014705883,24.034264705882354,15,"Jun",2016
2.662821231617647,12.522154411764706,23.68191176470588,16,"Jun",2016
2.0468196231617646,13.178014705882353,23.338446691176472,17,"Jun",2016
1.192888786764706,13.080573529411764,23.373832720588233,18,"Jun",2016
1.1871128216911764,12.304685661764704,23.67224264705882,19,"Jun",2016
1.3862316176470588,12.11088419117647,24.237738970588232,20,"Jun",2016
2.0769154411764705,13.01232169117647,24.767435661764708,21,"Jun",2016
3.083149356617647,13.503939338235295,25.09496323529412,22,"Jun",2016
3.270817555147059,13.514220588235293,25.575330882352944,23,"Jun",2016
2.8046870404411766,14.273829044117647,25.864457720588234,24,"Jun",2016
2.1591976102941177,15.20360294117647,26.056957720588233,25,"Jun",2016
1.7481920955882353,15.561001838235294,26.400450367647057,26,"Jun",2016
2.8788625919117643,15.52263786764706,26.535284926470588,27,"Jun",2016
4.265094209558823,15.219522058823529,26.011838235294118,28,"Jun",2016
2.8497801011029416,14.621525735294117,25.16095588235294,29,"Jun",2016
1.123415073529412,13.449675857843136,24.145155637254902,30,"Jun",2016
1.1638468290441177,11.91366850490196,23.368102328431373,1,"Jul",2016
0.9812250000000001,11.491833333333332,24.176833333333335,2,"Jul",2016
0.25357500000000005,12.334166666666667,25.73083333333333,3,"Jul",2016
0,13.645833333333332,27.32033333333333,4,"Jul",2016
0,15.3675,28.525666666666666,5,"Jul",2016
0.3252375,16.817166666666665,28.062666666666665,6,"Jul",2016
0.34177500000000005,17.848,27.614,7,"Jul",2016
4.3456875,17.485666666666667,27.61633333333333,8,"Jul",2016
9.27440294117647,15.360554534313726,26.365354779411764,9,"Jul",2016
7.171654411764706,13.817813112745098,25.483857230392154,10,"Jul",2016
4.719672794117646,13.460174632352938,25.62109375,11,"Jul",2016
3.8443607536764706,13.670229779411763,25.875680147058823,12,"Jul",2016
2.275122242647059,14.058878676470586,26.29357536764706,13,"Jul",2016
3.0326856617647064,14.487169117647056,26.409494485294115,14,"Jul",2016
4.939362132352942,15.242830882352939,26.295220588235292,15,"Jul",2016
4.750477941176472,16.05514705882353,26.644568014705882,16,"Jul",2016
2.7303088235294126,16.51020220588235,27.017591911764704,17,"Jul",2016
2.0179397977941176,16.098437499999996,26.33411764705882,18,"Jul",2016
3.0578161764705882,15.171672794117645,25.584678308823527,19,"Jul",2016
3.507530790441177,14.94876838235294,25.928125,20,"Jul",2016
3.1642155330882353,15.455863970588236,26.59040441176471,21,"Jul",2016
4.008925091911764,15.46715992647059,26.547886029411767,22,"Jul",2016
4.16822012867647,14.81782169117647,25.786783088235296,23,"Jul",2016
2.240669117647059,14.281920955882352,25.225147058823527,24,"Jul",2016
1.8920845588235295,14.332279411764706,25.205468749999998,25,"Jul",2016
3.954002757352941,14.882031249999997,25.35220588235294,26,"Jul",2016
5.4665962775735295,15.110753676470585,25.394705882352937,27,"Jul",2016
4.604761488970588,14.889136029411763,25.367904411764705,28,"Jul",2016
3.1868127297794118,14.749751838235293,25.620726102941177,29,"Jul",2016
3.641087316176471,15.013722426470586,26.232141544117646,30,"Jul",2016
3.295137408088235,15.085137254901959,26.445444852941176,31,"Jul",2016
1.2245316176470589,14.30355269607843,25.78308700980392,1,"Aug",2016
0.22050000000000003,14.285333333333332,25.756,2,"Aug",2016
1.0528875,15.800166666666666,27.10066666666667,3,"Aug",2016
2.1866250000000003,16.91383333333333,27.717333333333336,4,"Aug",2016
2.3134125,15.960666666666665,25.954833333333333,5,"Aug",2016
0.9683625000000001,13.544999999999998,23.918833333333332,6,"Aug",2016
0,13.024999999999999,23.965166666666665,7,"Aug",2016
4.720537500000001,15.366499999999998,25.131833333333333,8,"Aug",2016
9.078297104779413,16.555651348039213,25.851852328431374,9,"Aug",2016
5.641050689338236,15.224352941176468,25.51729166666667,10,"Aug",2016
2.6283681066176467,14.393400735294115,25.12516544117647,11,"Aug",2016
2.262556985294118,14.569007352941176,25.04921875,12,"Aug",2016
1.9583561580882354,14.31436580882353,24.52153492647059,13,"Aug",2016
1.6693552389705884,13.763593749999998,24.298336397058826,14,"Aug",2016
0.878858685661765,13.403869485294116,24.64715073529412,15,"Aug",2016
0.3770590533088235,13.297913602941176,24.735275735294117,16,"Aug",2016
0.6138736213235294,13.324181985294118,24.74938419117647,17,"Aug",2016
1.7419094669117647,13.103848345588235,24.575459558823532,18,"Aug",2016
2.439585248161765,12.86960294117647,23.803832720588236,19,"Aug",2016
1.7560960477941177,13.10621783088235,23.470413602941175,20,"Aug",2016
1.1486063878676471,13.317919117647056,24.02829044117647,21,"Aug",2016
0.9731994485294116,13.539498161764705,24.430533088235293,22,"Aug",2016
0.9054078584558825,13.92838419117647,24.46704963235294,23,"Aug",2016
1.2331178768382356,13.906314338235294,24.69284007352941,24,"Aug",2016
1.6988430606617648,13.960836397058824,24.959788602941174,25,"Aug",2016
1.7035043658088234,14.262683823529413,24.87969669117647,26,"Aug",2016
1.6990457261029412,13.977398897058823,24.507325367647056,27,"Aug",2016
2.000510569852941,13.462444852941175,24.403033088235293,28,"Aug",2016
1.6260861672794116,13.257316176470589,24.761479779411765,29,"Aug",2016
0.9954926470588235,13.363128676470588,25.16452205882353,30,"Aug",2016
0.6559875,14.01161519607843,25.98944362745098,31,"Aug",2016
3.2722632352941177,15.11037193627451,26.881510416666664,1,"Sep",2016
11.166487499999999,15.126166666666666,26.342,2,"Sep",2016
15.6646875,13.118333333333332,23.72233333333333,3,"Sep",2016
10.317562500000001,10.777833333333334,20.944499999999998,4,"Sep",2016
3.193575000000001,10.029333333333334,20.804000000000002,5,"Sep",2016
1.356075,11.233666666666666,22.30616666666667,6,"Sep",2016
2.62395,12.1755,22.132333333333335,7,"Sep",2016
2.8371,11.273666666666667,19.652833333333334,8,"Sep",2016
3.1616349264705876,10.738647058823528,19.302588848039218,9,"Sep",2016
4.316652297794118,11.028005514705882,21.77126899509804,10,"Sep",2016
3.5247573529411764,10.863577205882354,22.727095588235294,11,"Sep",2016
2.9937738970588232,10.951783088235295,22.186378676470586,12,"Sep",2016
3.7730225183823527,10.920645220588234,21.54706801470588,13,"Sep",2016
3.030253676470589,10.053255514705882,20.362141544117645,14,"Sep",2016
2.013683823529412,8.822435661764704,18.988455882352937,15,"Sep",2016
1.7147522977941179,7.944962316176471,19.037362132352943,16,"Sep",2016
1.6573979779411767,7.773352941176471,20.178676470588236,17,"Sep",2016
3.111725183823529,7.951890625,20.536387867647058,18,"Sep",2016
4.698595588235294,8.639079044117647,20.465845588235293,19,"Sep",2016
5.308010569852941,9.448420955882352,20.64371323529412,20,"Sep",2016
5.201205882352942,9.442090073529412,20.169439338235296,21,"Sep",2016
3.540767922794118,9.058569852941176,19.666066176470586,22,"Sep",2016
1.679488511029412,8.623823529411764,20.156985294117646,23,"Sep",2016
1.053860294117647,8.00139338235294,20.402251838235294,24,"Sep",2016
1.7688639705882354,7.662632352941176,19.975055147058825,25,"Sep",2016
3.2372764246323533,8.00540257352941,19.738667279411764,26,"Sep",2016
4.381424172794118,8.636465992647057,19.45530330882353,27,"Sep",2016
4.308869944852941,8.365249080882354,18.814613970588233,28,"Sep",2016
2.8537320772058825,7.844719669117648,18.201121323529414,29,"Sep",2016
1.4550365349264707,6.998349325980392,16.650125,30,"Sep",2016
2.574634742647059,4.72129681372549,13.132008578431371,1,"Oct",2016
4.4596125,3.394216666666667,10.144833333333331,2,"Oct",2016
3.0318750000000003,3.4465166666666667,10.129333333333332,3,"Oct",2016
2.3152500000000003,3.4245833333333335,11.662333333333333,4,"Oct",2016
2.82975,4.0567,12.909166666666668,5,"Oct",2016
1.4093625000000005,4.931566666666668,13.975666666666667,6,"Oct",2016
1.4479500000000003,5.352316666666668,15.510166666666667,7,"Oct",2016
3.1329374999999993,5.3431500000000005,16.52616666666667,8,"Oct",2016
3.4648764705882353,5.171602144607843,16.540312500000002,9,"Oct",2016
2.272994255514706,5.19496887254902,16.43048406862745,10,"Oct",2016
1.809194393382353,4.679181985294117,15.823382352941177,11,"Oct",2016
2.2502957261029413,4.203749080882353,15.331718749999999,12,"Oct",2016
3.6747297794117646,5.159110294117647,15.608887867647056,13,"Oct",2016
5.117302389705881,6.182294117647059,15.249154411764705,14,"Oct",2016
4.1054951746323525,5.944616727941177,14.043428308823529,15,"Oct",2016
3.25298299632353,5.4929733455882355,13.018770220588232,16,"Oct",2016
3.1090905330882355,4.852292279411764,12.410268382352939,17,"Oct",2016
2.228711856617647,3.7641544117647063,12.10649632352941,18,"Oct",2016
2.3955055147058824,3.441548713235294,12.26884007352941,19,"Oct",2016
2.8535294117647054,4.009698529411764,12.580919117647056,20,"Oct",2016
2.510315487132353,3.9946810661764705,12.237009191176469,21,"Oct",2016
2.88088924632353,3.0668106617647064,11.514362132352941,22,"Oct",2016
3.8784085477941184,2.8613621323529412,11.240930147058826,23,"Oct",2016
3.55272518382353,3.8260055147058822,11.593560661764705,24,"Oct",2016
2.811577665441176,4.4293345588235296,11.824689338235292,25,"Oct",2016
3.110306525735294,3.7847389705882355,11.086547794117646,26,"Oct",2016
2.926894301470588,2.4931056985294116,10.091505514705883,27,"Oct",2016
2.2107759650735295,1.551301470588235,9.463284926470589,28,"Oct",2016
1.8447621783088237,1.4178832720588237,9.910391544117648,29,"Oct",2016
2.40371346507353,2.031142463235294,11.53049080882353,30,"Oct",2016
2.749663373161765,1.6617943627450984,11.38530575980392,31,"Oct",2016
1.2830613970588234,-0.8147742034313724,8.993928431372549,1,"Nov",2016
0.8195250000000001,-2.61855,7.434933333333334,2,"Nov",2016
1.6868250000000002,-1.4616166666666666,7.984683333333334,3,"Nov",2016
1.4589750000000001,0.70195,8.56245,4,"Nov",2016
0.53655,0.48388333333333317,8.057483333333334,5,"Nov",2016
0.28113750000000004,-0.38596666666666685,8.983533333333332,6,"Nov",2016
0.7221375000000001,0.24558333333333324,11.271733333333334,7,"Nov",2016
0.5236875000000001,0.07420000000000007,12.49095,8,"Nov",2016
0.2023681985294118,-0.09049307598039211,11.940075245098038,9,"Nov",2016
0.5654298253676471,0.422204656862745,10.162431617647057,10,"Nov",2016
1.1275291819852942,0.11057996323529404,8.756865808823528,11,"Nov",2016
1.4363913143382352,-0.2715974264705883,8.15399356617647,12,"Nov",2016
1.4759110753676468,-0.03456709558823531,7.964040441176469,13,"Nov",2016
2.448299862132353,0.1829200367647059,7.868448529411763,14,"Nov",2016
3.923400275735294,-0.41063786764705884,7.275354779411764,15,"Nov",2016
3.653348575367647,-1.306310661764706,6.195825367647058,16,"Nov",2016
2.354060431985294,-1.7750450367647062,5.053220588235294,17,"Nov",2016
1.8724260110294118,-2.051782169117647,4.770552389705882,18,"Nov",2016
1.9543028492647059,-1.8394558823529412,5.186867647058823,19,"Nov",2016
2.038003676470588,-1.658449448529412,5.111898897058823,20,"Nov",2016
2.251714384191177,-2.3210799632352943,5.006702205882353,21,"Nov",2016
2.3495004595588234,-2.8086185661764707,5.704621323529412,22,"Nov",2016
3.6607458639705883,-2.740847426470588,6.290590992647059,23,"Nov",2016
5.069574678308823,-2.491734375,5.737560661764706,24,"Nov",2016
3.4335579044117646,-1.7401222426470586,4.558550551470589,25,"Nov",2016
1.9806493566176473,-1.1895303308823526,3.8919788602941185,26,"Nov",2016
2.3274099264705885,-1.730517463235294,3.596648897058824,27,"Nov",2016
3.2857134650735293,-2.6248979779411763,3.6634053308823535,28,"Nov",2016
4.533220588235293,-3.0988382352941177,4.45817830882353,29,"Nov",2016
5.111114338235294,-2.3970005514705885,5.496138480392157,30,"Nov",2016
4.003155882352941,-0.8370891544117648,5.456826225490196,1,"Dec",2016
1.427737500000001,-0.19978333333333334,4.1476999999999995,2,"Dec",2016
0.3675000000000007,-0.9863500000000003,3.475733333333333,3,"Dec",2016
0.39506250000000015,-2.4873666666666674,2.611666666666667,4,"Dec",2016
0.7533750000000001,-3.588683333333334,1.3351000000000002,5,"Dec",2016
1.5765750000000003,-4.702283333333335,0.9935333333333333,6,"Dec",2016
1.2880875000000003,-7.242083333333334,-0.13553333333333326,7,"Dec",2016
2.6900999999999997,-9.63935,-1.1855666666666669,8,"Dec",2016
0,-9.160307414215687,-0.15423639705882372,9,"Dec",2016
0,-7.102295526960785,0.6872295955882354,10,"Dec",2016
0,-6.557429227941177,0.4383180147058824,11,"Dec",2016
0,-7.091071691176471,0.44988051470588236,12,"Dec",2016
0,-6.741639705882354,0.5797913602941177,13,"Dec",2016
0,-5.725106617647059,0.7002435661764708,14,"Dec",2016
0,-5.399110294117647,0.773418198529412,15,"Dec",2016
0,-5.754977022058823,0.3615716911764706,16,"Dec",2016
1.9830865384615384,-6.056308823529412,-0.2849770220588235,17,"Dec",2016
1.2611610576923076,-6.269685661764705,-0.7420064338235293,18,"Dec",2016
1.856051682692308,-7.066351102941176,-0.883153492647059,19,"Dec",2016
2.536280048076923,-7.787732536764707,-0.8255229779411767,20,"Dec",2016
2.9207415865384614,-7.2212169117647065,-0.7314439338235295,21,"Dec",2016
3.755567307692308,-6.445480698529413,-0.5143455882352943,22,"Dec",2016
4.989872596153847,-6.350477941176472,-0.27616360294117653,23,"Dec",2016
4.697109375,-6.432716911764707,-0.5699678308823525,24,"Dec",2016
2.928338942307693,-6.318906250000001,-1.0007077205882347,25,"Dec",2016
2.296875000000001,-6.222759191176471,-0.6416507352941174,26,"Dec",2016
2.5239122596153853,-6.519391544117647,0.09224448529411777,27,"Dec",2016
1.974252403846154,-6.944227941176471,0.22317830882352951,28,"Dec",2016
1.6215937499999997,-7.0798290441176475,-0.3833501838235294,29,"Dec",2016
2.0203665865384615,-6.775718749999999,-0.8247233455882352,30,"Dec",2016
2.8682668269230764,-8.176870098039217,-1.1881323529411763,31,"Dec",2016
2.980698858173077,-12.022969975490197,-3.7448419117647056,1,"Jan",2017
1.5531468750000001,-15.033791666666668,-7.520458333333334,2,"Jan",2017
0.48716718749999993,-15.312791666666664,-8.326479166666667,3,"Jan",2017
0,-12.937999999999999,-6.336458333333335,4,"Jan",2017
0,-9.933645833333333,-3.9614583333333333,5,"Jan",2017
1.1503898437500002,-7.154708333333335,-1.6464583333333327,6,"Jan",2017
3.3378187500000007,-5.421895833333333,-0.23979166666666657,7,"Jan",2017
5.8918289062500016,-8.527416666666666,-1.0477083333333335,8,"Jan",2017
6.254682954545457,-12.121255208333332,-1.958979166666667,9,"Jan",2017
4.900831747159092,-9.807869791666667,-0.7707083333333333,10,"Jan",2017
5.3347218750000005,-5.833244791666668,0.81279375,11,"Jan",2017
5.332967897727273,-4.900125000000001,1.5034208333333334,12,"Jan",2017
4.084355326704546,-6.899213541666668,0.8114395833333334,13,"Jan",2017
2.6026830255681817,-9.353927083333334,-1.5616614583333335,14,"Jan",2017
1.599627272727273,-10.418880208333333,-3.5798583333333336,15,"Jan",2017
1.9677432528409091,-11.086569791666667,-3.8787416666666665,16,"Jan",2017
2.551817684659091,-11.397036458333334,-3.3471145833333327,17,"Jan",2017
2.2834591619318187,-11.054928124999998,-3.0206437499999996,18,"Jan",2017
1.7748057528409091,-11.948973958333331,-3.522348958333333,19,"Jan",2017
1.8489112926136366,-14.781366666666665,-5.294603125,20,"Jan",2017
2.1146388494318185,-16.4757875,-6.791985416666667,21,"Jan",2017
1.9385833806818187,-15.192877083333332,-6.515841666666668,22,"Jan",2017
1.500746803977273,-13.975486458333332,-5.8122500000000015,23,"Jan",2017
1.5485426846590913,-14.177309374999998,-5.413195833333334,24,"Jan",2017
1.7059621448863642,-13.9651,-5.00761875,25,"Jan",2017
1.8061580965909094,-13.817932291666667,-4.498621875,26,"Jan",2017
2.5526946732954547,-13.600694791666667,-3.873670833333333,27,"Jan",2017
3.9475450994318186,-12.810217708333335,-3.339283333333334,28,"Jan",2017
4.3145648437499995,-12.347278125,-2.618194791666667,29,"Jan",2017
2.7813694602272725,-11.918223958333334,-1.9747770833333331,30,"Jan",2017
2.1744933238636364,-10.658265625,-2.0718437499999998,31,"Jan",2017
2.7083601562500004,-9.370973958333332,-2.159453125,1,"Feb",2017
1.9100812500000004,-8.667499999999999,-1.547208333333333,2,"Feb",2017
1.533853125,-9.30583333333333,-1.2023124999999997,3,"Feb",2017
2.5081875,-11.726874999999998,-1.2520833333333332,4,"Feb",2017
4.022746875,-12.916458333333333,-1.5114583333333336,5,"Feb",2017
5.84600625,-13.693333333333333,-2.1375000000000006,6,"Feb",2017
4.878907031250001,-13.955833333333333,-1.6637500000000007,7,"Feb",2017
1.6062046875000002,-10.743541666666667,-0.8029999999999999,8,"Feb",2017
0.4621730113636365,-8.633030208333333,-1.3808833333333332,9,"Feb",2017
1.5610397727272731,-11.100682291666667,-2.910855208333333,10,"Feb",2017
2.589747443181819,-13.671272916666666,-3.8926020833333332,11,"Feb",2017
2.3799279119318184,-13.333010416666665,-3.662891666666667,12,"Feb",2017
2.0824095170454546,-11.30299375,-2.865363541666667,13,"Feb",2017
2.4781506392045456,-9.936237499999999,-2.2317291666666668,14,"Feb",2017
3.0593748579545457,-10.896219791666665,-2.381257291666667,15,"Feb",2017
3.5274675426136364,-12.623672916666665,-2.4687802083333334,16,"Feb",2017
2.823464914772728,-12.527782291666666,-2.0820552083333337,17,"Feb",2017
1.6469846590909094,-10.920258333333331,-1.4118500000000003,18,"Feb",2017
1.674609801136364,-9.770010416666667,-0.5938104166666669,19,"Feb",2017
2.0324211647727273,-9.026713541666668,-0.38667916666666674,20,"Feb",2017
0,-8.559354166666667,-0.2572239583333334,21,"Feb",2017
0,-9.072302083333332,-0.30794062500000013,22,"Feb",2017
0,-10.115239583333333,-0.92739375,23,"Feb",2017
0,-10.544739583333333,-1.0444052083333335,24,"Feb",2017
0,-10.562968750000001,-0.867176041666667,25,"Feb",2017
0,-11.106470894607844,-1.0133927696078433,26,"Feb",2017
0,-11.669369791666666,-1.255758394607843,27,"Feb",2017
0,-10.531547732843137,-0.9866593137254902,28,"Feb",2017
0,-8.951801960784314,-0.3342593137254902,1,"Mar",2017
0,-8.949333333333334,0.46074999999999994,2,"Mar",2017
0.642481875,-8.700750000000001,1.62215,3,"Mar",2017
1.8714937500000002,-8.391249999999998,2.2760833333333332,4,"Mar",2017
2.0933718750000003,-8.074316666666666,3.87215,5,"Mar",2017
2.1724762500000008,-5.66865,5.709783333333332,6,"Mar",2017
3.6503775000000007,-2.8102000000000005,5.414383333333332,7,"Mar",2017
3.8008687500000007,-2.9535666666666676,5.357683333333333,8,"Mar",2017
0,-5.352983700980393,5.118533333333333,9,"Mar",2017
0,-6.487609926470587,3.9474710784313727,10,"Mar",2017
0,-6.357759191176471,3.7279283088235298,11,"Mar",2017
0,-6.784678308823529,3.3067693014705886,12,"Mar",2017
0,-6.978891544117648,3.284442095588236,13,"Mar",2017
0,-6.164231617647059,4.803284926470588,14,"Mar",2017
0,-5.59121875,5.265670036764706,15,"Mar",2017
0,-6.1449613970588235,4.2341718749999995,16,"Mar",2017
0,-6.364855698529412,4.292062499999999,17,"Mar",2017
0,-4.923220588235295,5.112068014705882,18,"Mar",2017
0,-3.4712215073529413,4.970814338235293,19,"Mar",2017
0,-3.371300551470588,4.695875919117646,20,"Mar",2017
0,-3.798373161764706,4.725791360294116,21,"Mar",2017
0,-4.024896139705883,4.250148897058823,22,"Mar",2017
0,-4.525191176470588,3.8364623161764704,23,"Mar",2017
0,-4.899471507352941,4.100532169117646,24,"Mar",2017
0,-4.725417279411765,4.315761029411764,25,"Mar",2017
0,-4.786953125000001,4.798387867647059,26,"Mar",2017
0,-4.180641544117647,6.4920551470588235,27,"Mar",2017
0,-2.6610661764705883,7.856001838235293,28,"Mar",2017
0,-2.134433823529412,7.740075367647056,29,"Mar",2017
0,-2.041360294117647,8.033744485294116,30,"Mar",2017
0,-0.29573823529411764,11.304274509803921,31,"Mar",2017
0,1.9066906862745099,15.850363970588235,1,"Apr",2017
1.7345081249999998,2.7257666666666664,17.630999999999997,2,"Apr",2017
2.6818312499999997,3.2221333333333333,16.007883333333332,3,"Apr",2017
1.8444824999999996,4.04765,14.464700000000002,4,"Apr",2017
4.150085625,4.151033333333333,14.733216666666669,5,"Apr",2017
9.53497125,3.9069499999999997,14.163833333333335,6,"Apr",2017
10.860451875,3.781999999999999,13.626066666666668,7,"Apr",2017
8.570283750000002,2.9366666666666665,12.303066666666668,8,"Apr",2017
4.039430294117648,1.399577512254902,10.06590649509804,9,"Apr",2017
2.3122140716911765,0.1283989583333331,10.145011151960786,10,"Apr",2017
4.016150114889705,0.01849816176470577,10.84170955882353,11,"Apr",2017
3.4694702205882355,0.4283777573529413,11.082069852941176,12,"Apr",2017
1.631953331801471,0.5779402573529413,11.971913602941177,13,"Apr",2017
1.1795432674632356,1.0692380514705886,13.268290441176472,14,"Apr",2017
1.4776742647058827,1.7063014705882358,13.915520220588236,15,"Apr",2017
1.4626719554227945,1.8448382352941177,13.267806985294119,16,"Apr",2017
1.442030480238971,1.9062830882352944,12.836878676470588,17,"Apr",2017
1.6951545496323532,2.0873262867647067,14.272389705882352,18,"Apr",2017
2.504640854779412,2.3147545955882354,15.565744485294116,19,"Apr",2017
3.0735582146139713,2.7243658088235296,15.183375,20,"Apr",2017
2.377068026194853,3.0276746323529413,13.960058823529414,21,"Apr",2017
2.405051056985295,2.9319834558823534,12.908238970588236,22,"Apr",2017
3.165380859375001,2.209290441176471,12.958610294117648,23,"Apr",2017
3.1345250459558827,1.6409806985294115,13.295095588235293,24,"Apr",2017
3.3409397977941175,2.1492251838235297,13.163183823529412,25,"Apr",2017
3.4409551930147066,2.4516617647058827,13.242875,26,"Apr",2017
2.982586764705883,1.9241636029411766,13.324843750000001,27,"Apr",2017
2.6139129940257355,1.6783400735294118,13.152790441176473,28,"Apr",2017
3.1482505629595594,2.5049816176470587,13.686121323529415,29,"Apr",2017
3.4412885776654414,4.598653737745098,15.952501225490197,30,"Apr",2017
2.398957920496324,7.797024264705882,18.693219975490198,1,"May",2017
3.2857256250000004,10.4793,19.893666666666665,2,"May",2017
4.37968125,10.387466666666667,19.709833333333332,3,"May",2017
4.074840000000001,8.943933333333334,19.696166666666667,4,"May",2017
4.22533125,7.443666666666666,19.885166666666667,5,"May",2017
6.4827,6.071166666666666,18.168833333333335,6,"May",2017
9.41535,5.894199999999999,15.327000000000002,7,"May",2017
5.76883125,5.057199999999999,13.202166666666667,8,"May",2017
1.3668628814338233,4.340216911764705,13.803827205882351,9,"May",2017
2.6594661052389705,5.540248161764705,16.650668504901954,10,"May",2017
3.8331432215073526,6.310404411764705,17.558887867647055,11,"May",2017
3.198577458639706,6.396966911764705,17.15188419117647,12,"May",2017
3.972313579963236,6.834568014705882,17.38184742647059,13,"May",2017
5.94963922334559,7.063249999999999,17.418262867647062,14,"May",2017
5.733222931985296,6.438148897058823,16.788777573529412,15,"May",2017
3.3355134306066185,5.632847426470589,15.994246323529415,16,"May",2017
2.1994875,5.706332720588236,16.161626838235293,17,"May",2017
2.175654044117647,6.091665441176471,17.303876838235293,18,"May",2017
1.8067674747242646,6.465147058823528,18.53451838235294,19,"May",2017
1.909549253216912,7.242052389705882,19.45522794117647,20,"May",2017
2.014991015625,8.095102941176473,19.508520220588235,21,"May",2017
3.0446175896139707,8.571573529411767,18.919880514705884,22,"May",2017
4.140530962775736,8.500194852941178,19.05420955882353,23,"May",2017
3.0697278377757358,8.133076286764707,19.642178308823528,24,"May",2017
1.558324977022059,8.382547794117647,19.955101102941175,25,"May",2017
1.3214800091911767,9.180614889705884,20.48565257352941,26,"May",2017
2.099365705422794,9.48112867647059,20.903382352941176,27,"May",2017
2.821072541360294,9.54288143382353,21.351948529411764,28,"May",2017
2.601145071231618,9.937038602941175,22.620680147058824,29,"May",2017
2.5387950482536765,10.668689338235295,23.41015625,30,"May",2017
2.48165859375,10.859436642156863,22.34592769607843,31,"May",2017
3.0783319990808833,10.130268382352943,21.297156862745098,1,"Jun",2017
7.208145000000001,9.894833333333336,20.506833333333333,2,"Jun",2017
8.564495625000003,9.546800000000001,19.221999999999998,3,"Jun",2017
3.974512500000001,9.4,20.038999999999998,4,"Jun",2017
3.7777162500000006,10.861183333333333,21.2275,5,"Jun",2017
5.957910000000002,11.600216666666666,19.943,6,"Jun",2017
3.7661400000000005,10.468566666666668,18.6895,7,"Jun",2017
6.050520000000001,9.858850000000002,19.167666666666666,8,"Jun",2017
9.91517161764706,11.146424448529414,20.971131740196075,9,"Jun",2017
6.128673874080882,12.82089056372549,23.099750612745094,10,"Jun",2017
2.2960981158088236,13.62597518382353,23.91949448529412,11,"Jun",2017
2.4629323069852935,13.605996323529412,23.447702205882354,12,"Jun",2017
3.2732698069852946,13.12134375,23.32125919117647,13,"Jun",2017
3.1670832490808833,12.566413602941177,23.84827205882353,14,"Jun",2017
2.6923293198529414,12.184443014705884,24.054264705882353,15,"Jun",2017
2.7959622931985293,12.542154411764708,23.70191176470588,16,"Jun",2017
2.149160604319853,13.198014705882354,23.35844669117647,17,"Jun",2017
1.2525332261029414,13.100573529411765,23.393832720588232,18,"Jun",2017
1.2464684627757354,12.324685661764706,23.69224264705882,19,"Jun",2017
1.4555431985294118,12.130884191176472,24.257738970588232,20,"Jun",2017
2.1807612132352943,13.032321691176472,24.787435661764707,21,"Jun",2017
3.2373068244485297,13.523939338235296,25.11496323529412,22,"Jun",2017
3.4343584329044123,13.534220588235295,25.595330882352943,23,"Jun",2017
2.9449213924632356,14.293829044117649,25.884457720588234,24,"Jun",2017
2.267157490808824,15.223602941176472,26.076957720588233,25,"Jun",2017
1.8356017003676472,15.581001838235295,26.420450367647057,26,"Jun",2017
3.022805721507353,15.542637867647061,26.555284926470588,27,"Jun",2017
4.4783489200367645,15.23952205882353,26.031838235294117,28,"Jun",2017
2.992269106158089,14.641525735294119,25.18095588235294,29,"Jun",2017
1.1795858272058826,13.469675857843137,24.1651556372549,30,"Jun",2017
1.2220391704963236,11.933668504901961,23.388102328431373,1,"Jul",2017
1.0302862500000003,11.511833333333334,24.196833333333334,2,"Jul",2017
0.26625375000000007,12.354166666666668,25.75083333333333,3,"Jul",2017
0,13.665833333333333,27.34033333333333,4,"Jul",2017
0,15.387500000000001,28.545666666666666,5,"Jul",2017
0.341499375,16.837166666666665,28.082666666666665,6,"Jul",2017
0.3588637500000001,17.868,27.634,7,"Jul",2017
4.562971875000001,17.505666666666666,27.63633333333333,8,"Jul",2017
9.738123088235294,15.380554534313728,26.385354779411763,9,"Jul",2017
7.530237132352942,13.8378131127451,25.503857230392153,10,"Jul",2017
4.955656433823529,13.48017463235294,25.64109375,11,"Jul",2017
4.036578791360294,13.690229779411764,25.895680147058822,12,"Jul",2017
2.3888783547794117,14.078878676470588,26.313575367647058,13,"Jul",2017
3.1843199448529416,14.507169117647058,26.429494485294114,14,"Jul",2017
5.186330238970589,15.26283088235294,26.31522058823529,15,"Jul",2017
4.988001838235295,16.07514705882353,26.664568014705882,16,"Jul",2017
2.8668242647058833,16.53020220588235,27.037591911764704,17,"Jul",2017
2.118836787683824,16.118437499999995,26.35411764705882,18,"Jul",2017
3.210706985294118,15.191672794117647,25.604678308823527,19,"Jul",2017
3.682907329963236,14.968768382352941,25.948125,20,"Jul",2017
3.3224263097426476,15.475863970588238,26.61040441176471,21,"Jul",2017
4.209371346507353,15.487159926470591,26.567886029411767,22,"Jul",2017
4.376631135110294,14.83782169117647,25.806783088235296,23,"Jul",2017
2.352702573529412,14.301920955882354,25.245147058823527,24,"Jul",2017
1.9866887867647063,14.352279411764707,25.225468749999997,25,"Jul",2017
4.1517028952205886,14.902031249999999,25.37220588235294,26,"Jul",2017
5.739926091452206,15.130753676470587,25.414705882352937,27,"Jul",2017
4.834999563419118,14.909136029411764,25.387904411764705,28,"Jul",2017
3.346153366268383,14.769751838235294,25.640726102941176,29,"Jul",2017
3.8231416819852946,15.033722426470588,26.252141544117645,30,"Jul",2017
3.4598942784926474,15.10513725490196,26.465444852941175,31,"Jul",2017
1.2857581985294118,14.323552696078432,25.80308700980392,1,"Aug",2017
0.23152500000000004,14.305333333333333,25.776,2,"Aug",2017
1.105531875,15.820166666666667,27.12066666666667,3,"Aug",2017
2.29595625,16.93383333333333,27.737333333333336,4,"Aug",2017
2.429083125,15.980666666666666,25.974833333333333,5,"Aug",2017
1.0167806250000002,13.565,23.93883333333333,6,"Aug",2017
0,13.045,23.985166666666665,7,"Aug",2017
4.956564375000001,15.3865,25.151833333333332,8,"Aug",2017
9.532211960018383,16.575651348039212,25.871852328431373,9,"Aug",2017
5.923103223805148,15.24435294117647,25.53729166666667,10,"Aug",2017
2.7597865119485294,14.413400735294116,25.14516544117647,11,"Aug",2017
2.375684834558824,14.589007352941177,25.06921875,12,"Aug",2017
2.0562739659926472,14.33436580882353,24.54153492647059,13,"Aug",2017
1.752823000919118,13.78359375,24.318336397058825,14,"Aug",2017
0.9228016199448532,13.423869485294118,24.66715073529412,15,"Aug",2017
0.39591200597426474,13.317913602941177,24.755275735294116,16,"Aug",2017
0.6445673023897059,13.344181985294119,24.76938419117647,17,"Aug",2017
1.829004940257353,13.123848345588236,24.59545955882353,18,"Aug",2017
2.5615645105698532,12.889602941176472,23.823832720588236,19,"Aug",2017
1.8439008501838237,13.126217830882352,23.490413602941175,20,"Aug",2017
1.2060367072610294,13.337919117647058,24.04829044117647,21,"Aug",2017
1.0218594209558822,13.559498161764706,24.450533088235293,22,"Aug",2017
0.9506782513786767,13.948384191176471,24.48704963235294,23,"Aug",2017
1.2947737706801474,13.926314338235295,24.71284007352941,24,"Aug",2017
1.7837852136948533,13.980836397058825,24.979788602941174,25,"Aug",2017
1.7886795840992646,14.282683823529414,24.89969669117647,26,"Aug",2017
1.7839980124080883,13.997398897058824,24.527325367647055,27,"Aug",2017
2.1005360983455885,13.482444852941176,24.423033088235293,28,"Aug",2017
1.7073904756433822,13.27731617647059,24.781479779411764,29,"Aug",2017
1.0452672794117648,13.383128676470589,25.18452205882353,30,"Aug",2017
0.688786875,14.031615196078432,26.00944362745098,31,"Aug",2017
3.4358763970588235,15.13037193627451,26.901510416666664,1,"Sep",2017
11.724811875,15.146166666666668,26.362,2,"Sep",2017
16.447921875,13.138333333333334,23.74233333333333,3,"Sep",2017
10.833440625000001,10.797833333333335,20.964499999999997,4,"Sep",2017
3.3532537500000013,10.049333333333335,20.824,5,"Sep",2017
1.42387875,11.253666666666668,22.32616666666667,6,"Sep",2017
2.7551475,12.195500000000001,22.152333333333335,7,"Sep",2017
2.978955,11.293666666666669,19.672833333333333,8,"Sep",2017
3.3197166727941174,10.758647058823529,19.322588848039217,9,"Sep",2017
4.532484912683824,11.048005514705883,21.79126899509804,10,"Sep",2017
3.7009952205882355,10.883577205882355,22.747095588235293,11,"Sep",2017
3.1434625919117645,10.971783088235297,22.206378676470585,12,"Sep",2017
3.9616736443014706,10.940645220588236,21.567068014705878,13,"Sep",2017
3.1817663602941186,10.073255514705883,20.382141544117644,14,"Sep",2017
2.114368014705883,8.842435661764705,19.008455882352937,15,"Sep",2017
1.8004899126838239,7.964962316176471,19.057362132352942,16,"Sep",2017
1.7402678768382356,7.793352941176471,20.198676470588236,17,"Sep",2017
3.267311443014706,7.9718906249999995,20.556387867647057,18,"Sep",2017
4.933525367647059,8.659079044117648,20.485845588235293,19,"Sep",2017
5.573411098345589,9.468420955882353,20.663713235294118,20,"Sep",2017
5.4612661764705885,9.462090073529414,20.189439338235296,21,"Sep",2017
3.7178063189338237,9.078569852941177,19.686066176470586,22,"Sep",2017
1.7634629365808827,8.643823529411765,20.176985294117646,23,"Sep",2017
1.1065533088235295,8.021393382352942,20.422251838235294,24,"Sep",2017
1.8573071691176473,7.682632352941176,19.995055147058824,25,"Sep",2017
3.399140245863971,8.025402573529412,19.758667279411764,26,"Sep",2017
4.600495381433824,8.656465992647059,19.47530330882353,27,"Sep",2017
4.524313442095589,8.385249080882355,18.834613970588233,28,"Sep",2017
2.9964186810661766,7.8647196691176475,18.221121323529413,29,"Sep",2017
1.5277883616727943,7.018349325980392,16.670125,30,"Sep",2017
2.703366479779412,4.74129681372549,13.152008578431372,1,"Oct",2017
4.682593125,3.414216666666667,10.164833333333332,2,"Oct",2017
3.1834687500000003,3.4665166666666667,10.149333333333333,3,"Oct",2017
2.4310125000000005,3.4445833333333336,11.682333333333334,4,"Oct",2017
2.9712375000000004,4.0767,12.929166666666669,5,"Oct",2017
1.4798306250000006,4.951566666666667,13.995666666666668,6,"Oct",2017
1.5203475000000004,5.372316666666667,15.530166666666668,7,"Oct",2017
3.2895843749999996,5.36315,16.546166666666668,8,"Oct",2017
3.6381202941176474,5.191602144607843,16.560312500000002,9,"Oct",2017
2.3866439682904415,5.2149688725490195,16.45048406862745,10,"Oct",2017
1.899654113051471,4.699181985294117,15.843382352941179,11,"Oct",2017
2.3628105124080885,4.223749080882353,15.35171875,12,"Oct",2017
3.858466268382353,5.179110294117646,15.628887867647057,13,"Oct",2017
5.373167509191176,6.2022941176470585,15.269154411764706,14,"Oct",2017
4.310769933363971,5.964616727941176,14.06342830882353,15,"Oct",2017
3.415632146139707,5.512973345588235,13.038770220588233,16,"Oct",2017
3.2645450597426477,4.872292279411764,12.43026838235294,17,"Oct",2017
2.3401474494485295,3.7841544117647063,12.12649632352941,18,"Oct",2017
2.5152807904411767,3.461548713235294,12.28884007352941,19,"Oct",2017
2.996205882352941,4.029698529411765,12.600919117647058,20,"Oct",2017
2.635831261488971,4.01468106617647,12.25700919117647,21,"Oct",2017
3.0249337086397063,3.0868106617647064,11.534362132352943,22,"Oct",2017
4.072328975183825,2.8813621323529413,11.260930147058827,23,"Oct",2017
3.7303614430147065,3.8460055147058823,11.613560661764707,24,"Oct",2017
2.9521565487132353,4.449334558823529,11.844689338235293,25,"Oct",2017
3.265821852022059,3.8047389705882355,11.106547794117647,26,"Oct",2017
3.0732390165441177,2.5131056985294116,10.111505514705884,27,"Oct",2017
2.3213147633272064,1.571301470588235,9.48328492647059,28,"Oct",2017
1.937000287224265,1.4378832720588237,9.930391544117649,29,"Oct",2017
2.5238991383272067,2.051142463235294,11.55049080882353,30,"Oct",2017
2.8871465418198534,1.6817943627450984,11.405305759803921,31,"Oct",2017
1.3472144669117647,-0.7947742034313725,9.01392843137255,1,"Nov",2017
0.8605012500000002,-2.59855,7.454933333333334,2,"Nov",2017
1.7711662500000005,-1.4416166666666665,8.004683333333334,3,"Nov",2017
1.5319237500000003,0.7219499999999999,8.582450000000001,4,"Nov",2017
0.5633775,0.5038833333333332,8.077483333333335,5,"Nov",2017
0.29519437500000006,-0.36596666666666683,9.003533333333333,6,"Nov",2017
0.7582443750000001,0.2655833333333332,11.291733333333335,7,"Nov",2017
0.5498718750000001,0.09420000000000006,12.510950000000001,8,"Nov",2017
0.21248660845588238,-0.07049307598039212,11.96007524509804,9,"Nov",2017
0.5937013166360294,0.442204656862745,10.182431617647058,10,"Nov",2017
1.183905641084559,0.13057996323529403,8.77686580882353,11,"Nov",2017
1.508210880055147,-0.2515974264705883,8.173993566176472,12,"Nov",2017
1.5497066291360293,-0.01456709558823531,7.984040441176469,13,"Nov",2017
2.570714855238971,0.20292003676470588,7.888448529411763,14,"Nov",2017
4.119570289522059,-0.3906378676470588,7.295354779411763,15,"Nov",2017
3.8360160041360296,-1.286310661764706,6.215825367647057,16,"Nov",2017
2.4717634535845585,-1.7550450367647061,5.073220588235293,17,"Nov",2017
1.9660473115808825,-2.031782169117647,4.790552389705882,18,"Nov",2017
2.0520179917279413,-1.8194558823529412,5.206867647058822,19,"Nov",2017
2.139903860294118,-1.6384494485294119,5.131898897058822,20,"Nov",2017
2.3643001034007356,-2.3010799632352943,5.026702205882352,21,"Nov",2017
2.466975482536765,-2.7886185661764706,5.724621323529411,22,"Nov",2017
3.843783157169118,-2.720847426470588,6.310590992647058,23,"Nov",2017
5.323053412224264,-2.471734375,5.757560661764706,24,"Nov",2017
3.605235799632353,-1.7201222426470586,4.578550551470588,25,"Nov",2017
2.07968182444853,-1.1695303308823526,3.9119788602941186,26,"Nov",2017
2.4437804227941182,-1.710517463235294,3.616648897058824,27,"Nov",2017
3.449999138327206,-2.6048979779411763,3.6834053308823536,28,"Nov",2017
4.759881617647059,-3.0788382352941177,4.478178308823529,29,"Nov",2017
5.366670055147059,-2.3770005514705885,5.516138480392157,30,"Nov",2017
4.2033136764705885,-0.8170891544117649,5.476826225490195,1,"Dec",2017
1.4991243750000012,-0.17978333333333335,4.167699999999999,2,"Dec",2017
0.3858750000000008,-0.9663500000000003,3.495733333333333,3,"Dec",2017
0.4148156250000002,-2.4673666666666674,2.631666666666667,4,"Dec",2017
0.7910437500000003,-3.568683333333334,1.3551000000000002,5,"Dec",2017
1.6554037500000003,-4.682283333333335,1.0135333333333332,6,"Dec",2017
1.3524918750000003,-7.222083333333335,-0.11553333333333327,7,"Dec",2017
2.8246049999999996,-9.619349999999999,-1.1655666666666669,8,"Dec",2017
0,-9.140307414215686,-0.13423639705882373,9,"Dec",2017
0,-7.0822955269607855,0.7072295955882353,10,"Dec",2017
0,-6.537429227941177,0.4583180147058824,11,"Dec",2017
0,-7.0710716911764715,0.4698805147058824,12,"Dec",2017
0,-6.721639705882354,0.5997913602941176,13,"Dec",2017
0,-5.7051066176470595,0.7202435661764708,14,"Dec",2017
0,-5.379110294117647,0.793418198529412,15,"Dec",2017
0,-5.734977022058824,0.3815716911764706,16,"Dec",2017
2.0822408653846156,-6.036308823529413,-0.2649770220588235,17,"Dec",2017
1.3242191105769232,-6.249685661764706,-0.7220064338235292,18,"Dec",2017
1.9488542668269235,-7.046351102941176,-0.863153492647059,19,"Dec",2017
2.6630940504807694,-7.767732536764707,-0.8055229779411768,20,"Dec",2017
3.0667786658653844,-7.201216911764707,-0.7114439338235294,21,"Dec",2017
3.943345673076924,-6.425480698529413,-0.49434558823529434,22,"Dec",2017
5.23936622596154,-6.330477941176472,-0.2561636029411765,23,"Dec",2017
4.931964843750001,-6.412716911764708,-0.5499678308823526,24,"Dec",2017
3.074755889423078,-6.298906250000002,-0.9807077205882346,25,"Dec",2017
2.411718750000001,-6.2027591911764715,-0.6216507352941174,26,"Dec",2017
2.6501078725961547,-6.499391544117647,0.11224448529411776,27,"Dec",2017
2.072965024038462,-6.924227941176471,0.2431783088235295,28,"Dec",2017
1.7026734374999999,-7.059829044117648,-0.3633501838235294,29,"Dec",2017
2.121384915865385,-6.75571875,-0.8047233455882352,30,"Dec",2017
3.0116801682692302,-8.156870098039215,-1.1681323529411762,31,"Dec",2017
3.1297338010817306,-12.002969975490197,-3.7248419117647056,1,"Jan",2018
1.6308042187499998,-15.013791666666668,-7.5004583333333334,2,"Jan",2018
0.5115255468749998,-15.292791666666664,-8.306479166666668,3,"Jan",2018
0,-12.918,-6.316458333333334,4,"Jan",2018
0,-9.913645833333334,-3.9414583333333333,5,"Jan",2018
1.2079093359375,-7.134708333333334,-1.6264583333333327,6,"Jan",2018
3.5047096875000006,-5.401895833333333,-0.21979166666666655,7,"Jan",2018
6.186420351562502,-8.507416666666666,-1.0277083333333334,8,"Jan",2018
6.567417102272729,-12.101255208333333,-1.938979166666667,9,"Jan",2018
5.145873334517047,-9.787869791666667,-0.7507083333333334,10,"Jan",2018
5.60145796875,-5.813244791666667,0.8327937499999999,11,"Jan",2018
5.599616292613636,-4.8801250000000005,1.5234208333333334,12,"Jan",2018
4.288573093039773,-6.879213541666667,0.8314395833333333,13,"Jan",2018
2.7328171768465905,-9.333927083333334,-1.5416614583333335,14,"Jan",2018
1.6796086363636364,-10.398880208333333,-3.5598583333333336,15,"Jan",2018
2.0661304154829545,-11.066569791666668,-3.8587416666666665,16,"Jan",2018
2.679408568892045,-11.377036458333334,-3.3271145833333327,17,"Jan",2018
2.397632120028409,-11.034928124999999,-3.0006437499999996,18,"Jan",2018
1.8635460404829542,-11.928973958333332,-3.502348958333333,19,"Jan",2018
1.9413568572443183,-14.761366666666666,-5.274603125,20,"Jan",2018
2.2203707919034095,-16.4557875,-6.771985416666666,21,"Jan",2018
2.0355125497159094,-15.172877083333333,-6.495841666666667,22,"Jan",2018
1.5757841441761364,-13.955486458333333,-5.792250000000001,23,"Jan",2018
1.6259698188920457,-14.157309374999999,-5.393195833333333,24,"Jan",2018
1.7912602521306824,-13.9451,-4.987618749999999,25,"Jan",2018
1.8964660014204546,-13.797932291666667,-4.478621875,26,"Jan",2018
2.6803294069602273,-13.580694791666668,-3.853670833333333,27,"Jan",2018
4.144922354403409,-12.790217708333335,-3.319283333333334,28,"Jan",2018
4.530293085937499,-12.327278125000001,-2.598194791666667,29,"Jan",2018
2.920437933238636,-11.898223958333334,-1.954777083333333,30,"Jan",2018
2.283217990056818,-10.638265625,-2.0518437499999997,31,"Jan",2018
2.8437781640625004,-9.350973958333332,-2.139453125,1,"Feb",2018
2.0055853125,-8.647499999999999,-1.527208333333333,2,"Feb",2018
1.61054578125,-9.285833333333331,-1.1823124999999997,3,"Feb",2018
2.633596875,-11.706874999999998,-1.2320833333333332,4,"Feb",2018
4.223884218749999,-12.896458333333333,-1.4914583333333336,5,"Feb",2018
6.1383065624999995,-13.673333333333334,-2.1175000000000006,6,"Feb",2018
5.122852382812501,-13.935833333333333,-1.6437500000000007,7,"Feb",2018
1.686514921875,-10.723541666666668,-0.783,8,"Feb",2018
0.48528166193181826,-8.613030208333333,-1.3608833333333332,9,"Feb",2018
1.6390917613636364,-11.080682291666667,-2.890855208333333,10,"Feb",2018
2.719234815340909,-13.651272916666667,-3.8726020833333332,11,"Feb",2018
2.4989243075284087,-13.313010416666666,-3.642891666666667,12,"Feb",2018
2.1865299928977273,-11.282993750000001,-2.845363541666667,13,"Feb",2018
2.6020581711647726,-9.9162375,-2.2117291666666667,14,"Feb",2018
3.2123436008522726,-10.876219791666665,-2.361257291666667,15,"Feb",2018
3.703840919744318,-12.603672916666666,-2.4487802083333334,16,"Feb",2018
2.964638160511364,-12.507782291666667,-2.0620552083333337,17,"Feb",2018
1.7293338920454546,-10.900258333333332,-1.3918500000000003,18,"Feb",2018
1.758340291193182,-9.750010416666667,-0.5738104166666669,19,"Feb",2018
2.1340422230113636,-9.006713541666668,-0.3666791666666667,20,"Feb",2018
0,-8.539354166666667,-0.23722395833333337,21,"Feb",2018
0,-9.052302083333332,-0.2879406250000001,22,"Feb",2018
0,-10.095239583333333,-0.9073937500000001,23,"Feb",2018
0,-10.524739583333334,-1.0244052083333335,24,"Feb",2018
0,-10.542968750000002,-0.847176041666667,25,"Feb",2018
0,-11.086470894607844,-0.9933927696078434,26,"Feb",2018
0,-11.649369791666667,-1.235758394607843,27,"Feb",2018
0,-10.511547732843137,-0.9666593137254903,28,"Feb",2018
0,-8.931801960784314,-0.3142593137254902,1,"Mar",2018
0,-8.929333333333334,0.48074999999999996,2,"Mar",2018
0.6746059687499999,-8.680750000000002,1.64215,3,"Mar",2018
1.9650684375,-8.371249999999998,2.2960833333333333,4,"Mar",2018
2.1980404687500004,-8.054316666666667,3.89215,5,"Mar",2018
2.2811000625000006,-5.64865,5.729783333333333,6,"Mar",2018
3.8328963750000007,-2.7902000000000005,5.434383333333333,7,"Mar",2018
3.9909121875,-2.9335666666666675,5.377683333333334,8,"Mar",2018
0,-5.332983700980392,5.138533333333333,9,"Mar",2018
0,-6.467609926470587,3.9674710784313727,10,"Mar",2018
0,-6.33775919117647,3.74792830882353,11,"Mar",2018
0,-6.7646783088235285,3.3267693014705886,12,"Mar",2018
0,-6.958891544117647,3.304442095588236,13,"Mar",2018
0,-6.144231617647058,4.823284926470588,14,"Mar",2018
0,-5.57121875,5.2856700367647065,15,"Mar",2018
0,-6.124961397058823,4.254171875,16,"Mar",2018
0,-6.344855698529411,4.3120625,17,"Mar",2018
0,-4.903220588235294,5.132068014705882,18,"Mar",2018
0,-3.4512215073529413,4.990814338235293,19,"Mar",2018
0,-3.351300551470588,4.7158759191176465,20,"Mar",2018
0,-3.778373161764706,4.745791360294117,21,"Mar",2018
0,-4.004896139705883,4.2701488970588235,22,"Mar",2018
0,-4.505191176470587,3.8564623161764704,23,"Mar",2018
0,-4.879471507352941,4.120532169117647,24,"Mar",2018
0,-4.705417279411765,4.335761029411764,25,"Mar",2018
0,-4.766953125000001,4.8183878676470595,26,"Mar",2018
0,-4.160641544117647,6.512055147058824,27,"Mar",2018
0,-2.6410661764705883,7.876001838235293,28,"Mar",2018
0,-2.114433823529412,7.760075367647056,29,"Mar",2018
0,-2.021360294117647,8.053744485294116,30,"Mar",2018
0,-0.2757382352941176,11.32427450980392,31,"Mar",2018
0,1.92669068627451,15.870363970588235,1,"Apr",2018
1.8212335312499996,2.7457666666666665,17.650999999999996,2,"Apr",2018
2.8159228124999993,3.2421333333333333,16.02788333333333,3,"Apr",2018
1.9367066249999993,4.06765,14.484700000000002,4,"Apr",2018
4.357589906249999,4.171033333333334,14.753216666666669,5,"Apr",2018
10.011719812499999,3.9269499999999997,14.183833333333334,6,"Apr",2018
11.40347446875,3.801999999999999,13.646066666666668,7,"Apr",2018
8.998797937500001,2.9566666666666666,12.323066666666668,8,"Apr",2018
4.24140180882353,1.419577512254902,10.08590649509804,9,"Apr",2018
2.4278247752757354,0.1483989583333331,10.165011151960785,10,"Apr",2018
4.216957620634191,0.038498161764705774,10.861709558823529,11,"Apr",2018
3.642943731617647,0.44837775735294133,11.102069852941176,12,"Apr",2018
1.7135509983915442,0.5979402573529412,11.991913602941176,13,"Apr",2018
1.2385204308363973,1.0892380514705886,13.288290441176471,14,"Apr",2018
1.5515579779411766,1.7263014705882358,13.935520220588236,15,"Apr",2018
1.535805553193934,1.8648382352941177,13.287806985294118,16,"Apr",2018
1.5141320042509194,1.9262830882352944,12.856878676470588,17,"Apr",2018
1.7799122771139706,2.1073262867647067,14.292389705882352,18,"Apr",2018
2.6298728975183825,2.3347545955882354,15.585744485294116,19,"Apr",2018
3.2272361253446693,2.7443658088235297,15.203375,20,"Apr",2018
2.4959214275045953,3.0476746323529413,13.980058823529413,21,"Apr",2018
2.5253036098345594,2.9519834558823534,12.928238970588236,22,"Apr",2018
3.3236499023437505,2.229290441176471,12.978610294117647,23,"Apr",2018
3.2912512982536763,1.6609806985294115,13.315095588235293,24,"Apr",2018
3.5079867876838233,2.1692251838235297,13.183183823529411,25,"Apr",2018
3.6130029526654415,2.4716617647058827,13.262875,26,"Apr",2018
3.131716102941177,1.9441636029411766,13.34484375,27,"Apr",2018
2.744608643727022,1.6983400735294119,13.172790441176472,28,"Apr",2018
3.305663091107537,2.5249816176470588,13.706121323529414,29,"Apr",2018
3.613353006548713,4.618653737745098,15.972501225490197,30,"Apr",2018
2.5189058165211398,7.817024264705882,18.713219975490198,1,"May",2018
3.45001190625,10.4993,19.913666666666664,2,"May",2018
4.5986653125,10.407466666666666,19.729833333333332,3,"May",2018
4.278582,8.963933333333333,19.716166666666666,4,"May",2018
4.4365978125,7.463666666666667,19.905166666666666,5,"May",2018
6.8068349999999995,6.091166666666666,18.188833333333335,6,"May",2018
9.8861175,5.914199999999999,15.347000000000001,7,"May",2018
6.057272812499999,5.0771999999999995,13.222166666666666,8,"May",2018
1.4352060255055143,4.360216911764706,13.82382720588235,9,"May",2018
2.7924394105009185,5.560248161764705,16.670668504901954,10,"May",2018
4.02480038258272,6.330404411764706,17.578887867647055,11,"May",2018
3.3585063315716908,6.416966911764706,17.17188419117647,12,"May",2018
4.170929258961397,6.854568014705882,17.40184742647059,13,"May",2018
6.247121184512869,7.08325,17.43826286764706,14,"May",2018
6.0198840785845595,6.458148897058823,16.80877757352941,15,"May",2018
3.502289102136949,5.652847426470589,16.014246323529413,16,"May",2018
2.3094618749999998,5.726332720588236,16.181626838235292,17,"May",2018
2.284436746323529,6.111665441176472,17.323876838235293,18,"May",2018
1.8971058484604777,6.485147058823529,18.55451838235294,19,"May",2018
2.0050267158777575,7.262052389705882,19.47522794117647,20,"May",2018
2.11574056640625,8.115102941176472,19.528520220588234,21,"May",2018
3.196848469094669,8.591573529411766,18.939880514705884,22,"May",2018
4.347557510914522,8.520194852941177,19.07420955882353,23,"May",2018
3.223214229664522,8.153076286764707,19.662178308823528,24,"May",2018
1.6362412258731618,8.402547794117647,19.975101102941174,25,"May",2018
1.3875540096507353,9.200614889705884,20.50565257352941,26,"May",2018
2.2043339906939337,9.50112867647059,20.923382352941175,27,"May",2018
2.9621261684283082,9.562881433823529,21.371948529411764,28,"May",2018
2.7312023247931987,9.957038602941175,22.640680147058823,29,"May",2018
2.66573480066636,10.688689338235294,23.43015625,30,"May",2018
2.6057415234374997,10.879436642156863,22.36592769607843,31,"May",2018
3.2322485990349272,10.150268382352943,21.317156862745097,1,"Jun",2018
7.56855225,9.914833333333336,20.526833333333332,2,"Jun",2018
8.992720406250001,9.5668,19.241999999999997,3,"Jun",2018
4.173238125,9.42,20.058999999999997,4,"Jun",2018
3.9666020625000002,10.881183333333333,21.2475,5,"Jun",2018
6.255805500000001,11.620216666666666,19.963,6,"Jun",2018
3.954447,10.488566666666667,18.7095,7,"Jun",2018
6.353046,9.878850000000002,19.187666666666665,8,"Jun",2018
10.41093019852941,11.166424448529414,20.991131740196074,9,"Jun",2018
6.435107567784926,12.84089056372549,23.119750612745094,10,"Jun",2018
2.410903021599265,13.645975183823529,23.93949448529412,11,"Jun",2018
2.586078922334558,13.625996323529412,23.467702205882354,12,"Jun",2018
3.436933297334559,13.141343749999999,23.34125919117647,13,"Jun",2018
3.325437411534927,12.586413602941176,23.86827205882353,14,"Jun",2018
2.8269457858455884,12.204443014705884,24.074264705882353,15,"Jun",2018
2.9357604078584556,12.562154411764707,23.72191176470588,16,"Jun",2018
2.256618634535845,13.218014705882354,23.37844669117647,17,"Jun",2018
1.3151598874080883,13.120573529411764,23.413832720588232,18,"Jun",2018
1.308791885914522,12.344685661764705,23.71224264705882,19,"Jun",2018
1.5283203584558824,12.150884191176472,24.27773897058823,20,"Jun",2018
2.2897992738970587,13.052321691176472,24.807435661764707,21,"Jun",2018
3.3991721656709557,13.543939338235296,25.13496323529412,22,"Jun",2018
3.6060763545496326,13.554220588235294,25.615330882352943,23,"Jun",2018
3.092167462086397,14.313829044117648,25.904457720588233,24,"Jun",2018
2.3805153653492646,15.243602941176471,26.096957720588232,25,"Jun",2018
1.9273817853860296,15.601001838235295,26.440450367647056,26,"Jun",2018
3.17394600758272,15.56263786764706,26.575284926470587,27,"Jun",2018
4.702266366038603,15.25952205882353,26.051838235294117,28,"Jun",2018
3.1418825614659927,14.661525735294118,25.20095588235294,29,"Jun",2018
1.2385651185661766,13.489675857843137,24.1851556372549,30,"Jun",2018
1.2831411290211396,11.95366850490196,23.408102328431372,1,"Jul",2018
1.0818005625000002,11.531833333333333,24.216833333333334,2,"Jul",2018
0.27956643750000004,12.374166666666667,25.77083333333333,3,"Jul",2018
0,13.685833333333333,27.36033333333333,4,"Jul",2018
0,15.4075,28.565666666666665,5,"Jul",2018
0.35857434374999997,16.857166666666664,28.102666666666664,6,"Jul",2018
0.37680693750000005,17.887999999999998,27.654,7,"Jul",2018
4.79112046875,17.525666666666666,27.65633333333333,8,"Jul",2018
10.225029242647059,15.400554534313727,26.405354779411763,9,"Jul",2018
7.906748988970588,13.857813112745099,25.523857230392153,10,"Jul",2018
5.203439255514705,13.50017463235294,25.66109375,11,"Jul",2018
4.238407730928309,13.710229779411764,25.915680147058822,12,"Jul",2018